"Page slug","Page ID","Page group","Family","Component ID","Position","Component type","Name","Dataset","Setting","Setting label","readyToLoad","Resolved behaviour","Acceptable","In create modal"
"/forms/actions","1686109","spreadsheet page","Actions","2380156","#2","Spreadsheet","(untitled)","Actions_Revised","force","Force (always re-fetch)","true","force","yes","no"
"/forms/actions","1686109","spreadsheet page","Actions","2380157","#3","Card","CREATE A NEW ACTION","Actions_Revised","unset","No setting selected","true","smart","yes","yes (create)"
"/forms/actions/edit","1686224","spreadsheet page","Actions","2380169","#1","Card","(untitled)","Actions_Revised","force","Force (always re-fetch)","true","force","yes","no"
"/forms/actions/edit","1686224","spreadsheet page","Actions","2380171","#3","Spreadsheet","(untitled)","Actions_Revised","force","Force (always re-fetch)","true","force","yes","no"
"/forms/actions/edit","1686224","spreadsheet page","Actions","2380172","#4","Card","CREATE A NEW ACTION","Actions_Revised","unset","No setting selected","true","smart","yes","yes (create)"
"/forms/actions/edit_simple","1699496","spreadsheet page","Actions","2380164","#1","Card","(untitled)","Actions_Revised","force","Force (always re-fetch)","true","force","yes","no"
"/forms/actions/edit_simple","1699496","spreadsheet page","Actions","2380166","#3","Spreadsheet","(untitled)","Actions_Revised","force","Force (always re-fetch)","true","force","yes","no"
"/forms/actions/edit_simple","1699496","spreadsheet page","Actions","2380167","#4","Card","CREATE A NEW ACTION","Actions_Revised","unset","No setting selected","true","smart","yes","yes (create)"
"/forms/capabilities","1690288","spreadsheet page","Capabilities","2388985","#1","Spreadsheet","(untitled)","Capabilities_Catalogue","force","Force (always re-fetch)","true","force","yes","no"
"/forms/capabilities","1690288","spreadsheet page","Capabilities","2388988","#4","Card","(untitled)","Capabilities_Catalogue","unset","No setting selected","true","smart","yes","yes (create)"
"/forms/capabilities/edit_simple","1696914","spreadsheet page","Capabilities","2386869","#1","Spreadsheet","(untitled)","Capabilities_Catalogue","force","Force (always re-fetch)","","force","yes","no"
"/forms/capabilities/edit_simple","1696914","spreadsheet page","Capabilities","2386872","#4","Card","(untitled)","Capabilities_Catalogue","unset","No setting selected","true","smart","yes","yes (create)"
"/forms/hazards_of_concern","1444290","spreadsheet page","Hazards of Concern","2386876","#0","Spreadsheet","(untitled)","Hazards_of_Concern","force","Force (always re-fetch)","true","force","yes","no"
"/forms/hazards_of_concern","1444290","spreadsheet page","Hazards of Concern","2386878","#2","Card","(untitled)","Hazards_of_Concern","unset","No setting selected","true","smart","yes","yes (create)"
"/forms/hazards_of_concern/edit","1702741","spreadsheet page","Hazards of Concern","2380098","#0","Spreadsheet","(untitled)","Hazards_of_Concern","force","Force (always re-fetch)","true","force","yes","no"
"/forms/hazards_of_concern/edit","1702741","spreadsheet page","Hazards of Concern","2380100","#2","Card","(untitled)","Hazards_of_Concern","unset","No setting selected","true","smart","yes","yes (create)"
"/forms/participation","1444280","spreadsheet page","Participation","2386881","#0","Spreadsheet","(untitled)","Participation","force","Force (always re-fetch)","true","force","yes","no"
"/forms/participation","1444280","spreadsheet page","Participation","2386883","#2","Card","(untitled)","Participation","unset","No setting selected","true","smart","yes","yes (create)"
"/forms/participation/edit","1714399","spreadsheet page","Participation","2380076","#0","Spreadsheet","(untitled)","Participation","smart","Smart (fetch on change)","true","smart","yes","no"
"/forms/participation/edit","1714399","spreadsheet page","Participation","2380078","#2","Card","(untitled)","Participation","unset","No setting selected","true","smart","yes","yes (create)"
"/forms/roles","1444244","spreadsheet page","Roles","2386884","#0","Spreadsheet","(untitled)","Roles","force","Force (always re-fetch)","true","force","yes","no"
"/forms/roles","1444244","spreadsheet page","Roles","2386886","#2","Card","(untitled)","Roles","unset","No setting selected","true","smart","yes","yes (create)"
"/forms/roles/edit","1715553","spreadsheet page","Roles","2386887","#0","Spreadsheet","(untitled)","Roles","force","Force (always re-fetch)","true","force","yes","no"
"/forms/roles/edit","1715553","spreadsheet page","Roles","2386889","#2","Card","(untitled)","Roles","unset","No setting selected","true","smart","yes","yes (create)"
"/forms/jurisdictional_annex_entry_page","2334433","annex page","Jurisdictional Annex Entry","2386439","#4","Card","(untitled)","Jurisdictions","unset","No setting selected","true","smart","yes","no"
"/forms/jurisdictional_annex_entry_page","2334433","annex page","Jurisdictional Annex Entry","2386440","#5","Card","Executive Summary","Jurisdictions","force","Force (always re-fetch)","true","force","yes","no"
"/forms/jurisdictional_annex_entry_page","2334433","annex page","Jurisdictional Annex Entry","2386441","#6","Spreadsheet","Hazard Mitigation Representatives ","Roles","smart","Smart (fetch on change)","true","smart","yes","no"
"/forms/jurisdictional_annex_entry_page","2334433","annex page","Jurisdictional Annex Entry","2386444","#9","Card","Planning Process","Jurisdictions","unset","No setting selected","true","smart","yes","no"
"/forms/jurisdictional_annex_entry_page","2334433","annex page","Jurisdictional Annex Entry","2386445","#10","Spreadsheet","(untitled)","Participation","unset","No setting selected","true","smart","yes","no"
"/forms/jurisdictional_annex_entry_page","2334433","annex page","Jurisdictional Annex Entry","2386448","#13","Card","Jurisdictional Profile","Jurisdictions","unset","No setting selected","true","smart","yes","no"
"/forms/jurisdictional_annex_entry_page","2334433","annex page","Jurisdictional Annex Entry","2386449","#14","Card","Buildings","LHMP_IA","unset","No setting selected","true","smart","yes","no"
"/forms/jurisdictional_annex_entry_page","2334433","annex page","Jurisdictional Annex Entry","2386451","#16","Card","Local Context","Jurisdictions","unset","No setting selected","true","smart","yes","no"
"/forms/jurisdictional_annex_entry_page","2334433","annex page","Jurisdictional Annex Entry","2386453","#18","Card","Critical Buildings","Jurisdictions","unset","No setting selected","true","smart","yes","no"
"/forms/jurisdictional_annex_entry_page","2334433","annex page","Jurisdictional Annex Entry","2386454","#19","Spreadsheet","BUILDINGS BY LANDUSE","BILD 2026 Simplified Draft V1","unset","No setting selected","true","smart","yes","no"
"/forms/jurisdictional_annex_entry_page","2334433","annex page","Jurisdictional Annex Entry","2386455","#20","Spreadsheet","Critical Buildings","BILD 2026 Simplified Draft V1","unset","No setting selected","true","smart","yes","no"
"/forms/jurisdictional_annex_entry_page","2334433","annex page","Jurisdictional Annex Entry","2386457","#22","Card","Historic Properties/District (if applicable)","Jurisdictions","unset","No setting selected","true","smart","yes","no"
"/forms/jurisdictional_annex_entry_page","2334433","annex page","Jurisdictional Annex Entry","2386458","#23","Card","Infrastructure","LHMP_IA","unset","No setting selected","true","smart","yes","no"
"/forms/jurisdictional_annex_entry_page","2334433","annex page","Jurisdictional Annex Entry","2386460","#25","Card","Critical Infrastructure","Jurisdictions","unset","No setting selected","true","smart","yes","no"
"/forms/jurisdictional_annex_entry_page","2334433","annex page","Jurisdictional Annex Entry","2386462","#27","Card","Growth and Development Trends","Jurisdictions","unset","No setting selected","true","smart","yes","no"
"/forms/jurisdictional_annex_entry_page","2334433","annex page","Jurisdictional Annex Entry","2386464","#29","Card","Additional Context (Municipal)","Jurisdictions","unset","No setting selected","true","smart","yes","no"
"/forms/jurisdictional_annex_entry_page","2334433","annex page","Jurisdictional Annex Entry","2386466","#31","Card","Risk","Jurisdictions","unset","No setting selected","true","smart","yes","no"
"/forms/jurisdictional_annex_entry_page","2334433","annex page","Jurisdictional Annex Entry","2386467","#32","Spreadsheet","Hazards of Concern","Hazards_of_Concern","unset","No setting selected","true","smart","yes","no"
"/forms/jurisdictional_annex_entry_page","2334433","annex page","Jurisdictional Annex Entry","2386469","#34","Spreadsheet","Hazards Excluded","Hazards_of_Concern","unset","No setting selected","true","smart","yes","no"
"/forms/jurisdictional_annex_entry_page","2334433","annex page","Jurisdictional Annex Entry","2386470","#35","Card","(untitled)","LHMP_IA","unset","No setting selected","true","smart","yes","no"
"/forms/jurisdictional_annex_entry_page","2334433","annex page","Jurisdictional Annex Entry","2386472","#37","Card","Historic Occurances","Jurisdictions","unset","No setting selected","true","smart","yes","no"
"/forms/jurisdictional_annex_entry_page","2334433","annex page","Jurisdictional Annex Entry","2386473","#38","Card","Disaster and Local Emergencies","LHMP_IA","unset","No setting selected","true","smart","yes","no"
"/forms/jurisdictional_annex_entry_page","2334433","annex page","Jurisdictional Annex Entry","2386474","#39","Card","(untitled)","LHMP_IA","unset","No setting selected","true","smart","yes","no"
"/forms/jurisdictional_annex_entry_page","2334433","annex page","Jurisdictional Annex Entry","2386476","#41","Card","Problem Areas","Jurisdictions","unset","No setting selected","true","smart","yes","no"
"/forms/jurisdictional_annex_entry_page","2334433","annex page","Jurisdictional Annex Entry","2386477","#42","Card","NFIP Loss","nfip claims enhance (incl jurisdiction geoms) v1.1","unset","No setting selected","true","smart","yes","no"
"/forms/jurisdictional_annex_entry_page","2334433","annex page","Jurisdictional Annex Entry","2386479","#44","Spreadsheet","Buildings in The Floodplain","BILD 2026 Simplified Draft V1","unset","No setting selected","true","smart","yes","no"
"/forms/jurisdictional_annex_entry_page","2334433","annex page","Jurisdictional Annex Entry","2386480","#45","Spreadsheet","Critical Buildings in The Floodplain","BILD 2026 Simplified Draft V1","unset","No setting selected","true","smart","yes","no"
"/forms/jurisdictional_annex_entry_page","2334433","annex page","Jurisdictional Annex Entry","2386482","#47","Card","Cascading Impacts from Hazards","Jurisdictions","unset","No setting selected","true","smart","yes","no"
"/forms/jurisdictional_annex_entry_page","2334433","annex page","Jurisdictional Annex Entry","2386484","#49","Card","Other Hazards","Jurisdictions","unset","No setting selected","true","smart","yes","no"
"/forms/jurisdictional_annex_entry_page","2334433","annex page","Jurisdictional Annex Entry","2386486","#51","Card","Additional Context (Risk)","Jurisdictions","unset","No setting selected","true","smart","yes","no"
"/forms/jurisdictional_annex_entry_page","2334433","annex page","Jurisdictional Annex Entry","2386489","#54","Card","Evaluation of Previously Identified Actions","Jurisdictions","unset","No setting selected","true","smart","yes","no"
"/forms/jurisdictional_annex_entry_page","2334433","annex page","Jurisdictional Annex Entry","2386492","#57","Card","Action Development","Jurisdictions","unset","No setting selected","true","smart","yes","no"
"/forms/jurisdictional_annex_entry_page","2334433","annex page","Jurisdictional Annex Entry","2386493","#58","Card","Prioritization","LHMP_IA","unset","No setting selected","true","smart","yes","no"
"/forms/jurisdictional_annex_entry_page","2334433","annex page","Jurisdictional Annex Entry","2386496","#61","Card","Local Context","Jurisdictions","unset","No setting selected","true","smart","yes","no"
"/forms/jurisdictional_annex_entry_page","2334433","annex page","Jurisdictional Annex Entry","2386497","#62","Card","Actions Database","LHMP_IA","unset","No setting selected","true","smart","yes","no"
"/forms/jurisdictional_annex_entry_page","2334433","annex page","Jurisdictional Annex Entry","2386498","#63","Spreadsheet","Local Actions Database","Actions_Revised","unset","No setting selected","true","smart","yes","no"
"/forms/jurisdictional_annex_entry_page","2334433","annex page","Jurisdictional Annex Entry","2386501","#66","Card","Additional Context (Strategy)","Jurisdictions","unset","No setting selected","true","smart","yes","no"
"/forms/jurisdictional_annex_entry_page","2334433","annex page","Jurisdictional Annex Entry","2386503","#68","Card","Capacity To Implement","Jurisdictions","unset","No setting selected","true","smart","yes","no"
"/forms/jurisdictional_annex_entry_page","2334433","annex page","Jurisdictional Annex Entry","2386505","#70","Card","Integration","Jurisdictions","unset","No setting selected","true","smart","yes","no"
"/forms/jurisdictional_annex_entry_page","2334433","annex page","Jurisdictional Annex Entry","2386507","#72","Card","Capabilities Inventory","LHMP_IA","unset","No setting selected","true","smart","yes","no"
"/forms/jurisdictional_annex_entry_page","2334433","annex page","Jurisdictional Annex Entry","2386508","#73","Spreadsheet","(untitled)","Capabilities_Catalogue","unset","No setting selected","true","smart","yes","no"
"/forms/jurisdictional_annex_entry_page","2334433","annex page","Jurisdictional Annex Entry","2386509","#74","Card","Additional Context (Capacity to Implement)","Jurisdictions","unset","No setting selected","true","smart","yes","no"
"/forms/jurisdictional_annex_entry_page","2334433","annex page","Jurisdictional Annex Entry","2386511","#76","Card","Progress","LHMP_IA","unset","No setting selected","true","smart","yes","no"
"/forms/jurisdictional_annex_entry_page","2334433","annex page","Jurisdictional Annex Entry","2386513","#78","Card","Complete Actions","Jurisdictions","unset","No setting selected","true","smart","yes","no"
"/forms/jurisdictional_annex_entry_page","2334433","annex page","Jurisdictional Annex Entry","2386514","#79","Spreadsheet","Completed Actions Table","Actions_Revised","unset","No setting selected","true","smart","yes","no"
"/forms/jurisdictional_annex_entry_page","2334433","annex page","Jurisdictional Annex Entry","2386516","#81","Card","In-Progress Actions","Jurisdictions","unset","No setting selected","true","smart","yes","no"
"/forms/jurisdictional_annex_entry_page","2334433","annex page","Jurisdictional Annex Entry","2386518","#83","Spreadsheet","In-Progress Actions Table","Actions_Revised","unset","No setting selected","true","smart","yes","no"
"/forms/jurisdictional_annex_entry_page","2334433","annex page","Jurisdictional Annex Entry","2386520","#85","Card","Proposed Actions","Jurisdictions","unset","No setting selected","true","smart","yes","no"
"/forms/jurisdictional_annex_entry_page","2334433","annex page","Jurisdictional Annex Entry","2386521","#86","Spreadsheet","Proposed Actions Table","Actions_Revised","unset","No setting selected","true","smart","yes","no"
"/forms/jurisdictional_annex_entry_page","2334433","annex page","Jurisdictional Annex Entry","2386523","#88","Card","Additional Context (Progress)","Jurisdictions","unset","No setting selected","true","smart","yes","no"
"/forms/jurisdictional_annex_entry_page","2334433","annex page","Jurisdictional Annex Entry","2386524","#89","Card","Create a New Role","Roles","unset","No setting selected","true","smart","yes","yes (roles)"
"/forms/jurisdictional_annex_entry_page","2334433","annex page","Jurisdictional Annex Entry","2386526","#91","Card","CREATE A NEW ACTION","Actions_Revised","unset","No setting selected","true","smart","yes","yes (actions)"
"/forms/jurisdictional_annex_entry_page","2334433","annex page","Jurisdictional Annex Entry","2386527","#92","Card","Create a New Capability","Capabilities_Catalogue","unset","No setting selected","true","smart","yes","yes (capabilities)"
"/forms/jurisdictional_annex_entry_page","2334433","annex page","Jurisdictional Annex Entry","2386528","#93","Card","Create a New Hazard of Concern","Hazards_of_Concern","unset","No setting selected","true","smart","yes","yes (hazards_of_concern)"
"/forms/jurisdictional_annex_entry_page","2334433","annex page","Jurisdictional Annex Entry","2386529","#94","Card","Create a New Meeting","Participation","unset","No setting selected","true","smart","yes","yes (participation)"
"/forms","1336681","other in-scope page","Forms hub","2380217","#3","Card","(untitled)","Actions_Revised","force","Force (always re-fetch)","true","force","yes","no"
"/forms","1336681","other in-scope page","Forms hub","2380218","#4","Card","(untitled)","Hazards_of_Concern","force","Force (always re-fetch)","true","force","yes","no"
"/forms","1336681","other in-scope page","Forms hub","2380223","#9","Card","(untitled)","Participation","force","Force (always re-fetch)","true","force","yes","no"
"/forms","1336681","other in-scope page","Forms hub","2380224","#10","Card","(untitled)","Roles","force","Force (always re-fetch)","true","force","yes","no"
"/forms","1336681","other in-scope page","Forms hub","2380229","#15","Card","(untitled)","Capabilities_Catalogue","force","Force (always re-fetch)","true","force","yes","no"
"/forms","1336681","other in-scope page","Forms hub","2380230","#16","Card","(untitled)","NYS_Dams","force","Force (always re-fetch)","true","force","yes","no"
"/forms/actions/card","1686150","other in-scope page","Actions","2386535","#0","Card","(untitled)","Actions_Revised","force","Force (always re-fetch)","true","force","yes","no"
"/forms/actions/card","1686150","other in-scope page","Actions","2386538","#3","Card","(untitled)","Actions_Revised","force","Force (always re-fetch)","true","force","yes","no"
"/forms/actions/card","1686150","other in-scope page","Actions","2386539","#4","Card","CREATE A NEW ACTION","Actions_Revised","unset","No setting selected","true","smart","yes","yes (create)"
"/forms/actions/single_edit","1699449","other in-scope page","Actions","2380186","#3","Card","(untitled)","Actions_Revised","unset","No setting selected","true","smart","yes","no"
"/forms/actions/single_edit","1699449","other in-scope page","Actions","2380187","#4","Card","(untitled)","Actions_Revised","unset","No setting selected","true","smart","yes","no"
"/forms/actions/single_edit","1699449","other in-scope page","Actions","2380188","#5","Card","(untitled)","Actions_Revised","unset","No setting selected","true","smart","yes","no"
"/forms/actions/single_edit","1699449","other in-scope page","Actions","2380189","#6","Card","(untitled)","Actions_Revised","unset","No setting selected","true","smart","yes","no"
"/forms/actions/single_edit","1699449","other in-scope page","Actions","2380190","#7","Card","(untitled)","Actions_Revised","unset","No setting selected","true","smart","yes","no"
"/forms/actions/single_edit","1699449","other in-scope page","Actions","2380191","#8","Card","(untitled)","Actions_Revised","unset","No setting selected","true","smart","yes","no"
"/forms/actions/single_edit","1699449","other in-scope page","Actions","2380192","#9","Card","(untitled)","Actions_Revised","unset","No setting selected","true","smart","yes","no"
"/forms/actions/single_edit","1699449","other in-scope page","Actions","2380194","#11","Card","CREATE A NEW ACTION","Actions_Revised","unset","No setting selected","true","smart","yes","yes (create)"
"/forms/actions/view","1686532","other in-scope page","Actions","2380175","#2","Card","(untitled)","Actions_Revised","unset","No setting selected","true","smart","yes","no"
"/forms/actions/view","1686532","other in-scope page","Actions","2380176","#3","Card","(untitled)","Actions_Revised","unset","No setting selected","true","smart","yes","no"
"/forms/actions/view","1686532","other in-scope page","Actions","2380177","#4","Card","(untitled)","Actions_Revised","unset","No setting selected","true","smart","yes","no"
"/forms/actions/view","1686532","other in-scope page","Actions","2380178","#5","Card","(untitled)","Actions_Revised","unset","No setting selected","true","smart","yes","no"
"/forms/actions/view","1686532","other in-scope page","Actions","2380179","#6","Card","(untitled)","Actions_Revised","unset","No setting selected","true","smart","yes","no"
"/forms/actions/view","1686532","other in-scope page","Actions","2380180","#7","Card","(untitled)","Actions_Revised","unset","No setting selected","true","smart","yes","no"
"/forms/actions/view","1686532","other in-scope page","Actions","2380181","#8","Card","(untitled)","Actions_Revised","unset","No setting selected","true","smart","yes","no"
"/forms/actions/view","1686532","other in-scope page","Actions","2380182","#9","Card","CREATE A NEW ACTION","Actions_Revised","unset","No setting selected","true","smart","yes","yes (create)"
"/forms/capabilities/card","1690678","other in-scope page","Capabilities","2380113","#2","Card","(untitled)","Capabilities_Catalogue","unset","No setting selected","true","smart","yes","no"
"/forms/capabilities/card","1690678","other in-scope page","Capabilities","2380114","#3","Card","(untitled)","Capabilities_Catalogue","unset","No setting selected","true","smart","yes","yes (create)"
"/forms/capabilities/single_edit_new","2323522","other in-scope page","Capabilities","2380143","#2","Card","(untitled)","Capabilities_Catalogue","unset","No setting selected","true","smart","yes","no"
"/forms/capabilities/single_edit_new","2323522","other in-scope page","Capabilities","2380144","#3","Card","(untitled)","Capabilities_Catalogue","unset","No setting selected","true","smart","yes","no"
"/forms/capabilities/single_edit_new","2323522","other in-scope page","Capabilities","2380145","#4","Card","(untitled)","Capabilities_Catalogue","unset","No setting selected","true","smart","yes","no"
"/forms/capabilities/single_edit_new","2323522","other in-scope page","Capabilities","2380146","#5","Card","(untitled)","Capabilities_Catalogue","unset","No setting selected","true","smart","yes","no"
"/forms/capabilities/single_edit_new","2323522","other in-scope page","Capabilities","2380147","#6","Card","(untitled)","Capabilities_Catalogue","unset","No setting selected","true","smart","yes","no"
"/forms/capabilities/single_edit_new","2323522","other in-scope page","Capabilities","2380148","#7","Card","(untitled)","Capabilities_Catalogue","unset","No setting selected","true","smart","yes","no"
"/forms/capabilities/single_edit_new","2323522","other in-scope page","Capabilities","2380149","#8","Card","(untitled)","Capabilities_Catalogue","unset","No setting selected","true","smart","yes","no"
"/forms/capabilities/single_edit_new","2323522","other in-scope page","Capabilities","2380150","#9","Card","(untitled)","Capabilities_Catalogue","unset","No setting selected","true","smart","yes","no"
"/forms/capabilities/single_edit_new","2323522","other in-scope page","Capabilities","2380151","#10","Card","(untitled)","Capabilities_Catalogue","unset","No setting selected","true","smart","yes","no"
"/forms/capabilities/single_edit_new","2323522","other in-scope page","Capabilities","2380152","#11","Card","(untitled)","Capabilities_Catalogue","unset","No setting selected","true","smart","yes","no"
"/forms/capabilities/single_edit_new","2323522","other in-scope page","Capabilities","2380153","#12","Card","(untitled)","Capabilities_Catalogue","unset","No setting selected","true","smart","yes","yes (create)"
"/forms/capabilities/view","1692121","other in-scope page","Capabilities","2388822","#2","Card","(untitled)","Capabilities_Catalogue","smart","Smart (fetch on change)","","smart","yes","no"
"/forms/capabilities/view","1692121","other in-scope page","Capabilities","2388823","#3","Card","(untitled)","Capabilities_Catalogue","smart","Smart (fetch on change)","","smart","yes","no"
"/forms/capabilities/view","1692121","other in-scope page","Capabilities","2388824","#4","Card","(untitled)","Capabilities_Catalogue","smart","Smart (fetch on change)","","smart","yes","no"
"/forms/capabilities/view","1692121","other in-scope page","Capabilities","2388825","#5","Card","(untitled)","Capabilities_Catalogue","smart","Smart (fetch on change)","true","smart","yes","no"
"/forms/capabilities/view","1692121","other in-scope page","Capabilities","2388826","#6","Card","(untitled)","Capabilities_Catalogue","smart","Smart (fetch on change)","","smart","yes","no"
"/forms/capabilities/view","1692121","other in-scope page","Capabilities","2388827","#7","Card","(untitled)","Capabilities_Catalogue","smart","Smart (fetch on change)","","smart","yes","no"
"/forms/capabilities/view","1692121","other in-scope page","Capabilities","2388828","#8","Card","(untitled)","Capabilities_Catalogue","smart","Smart (fetch on change)","","smart","yes","no"
"/forms/capabilities/view","1692121","other in-scope page","Capabilities","2388829","#9","Card","(untitled)","Capabilities_Catalogue","smart","Smart (fetch on change)","","smart","yes","no"
"/forms/capabilities/view","1692121","other in-scope page","Capabilities","2388830","#10","Card","(untitled)","Capabilities_Catalogue","smart","Smart (fetch on change)","","smart","yes","no"
"/forms/capabilities/view","1692121","other in-scope page","Capabilities","2388831","#11","Card","(untitled)","Capabilities_Catalogue","smart","Smart (fetch on change)","","smart","yes","no"
"/forms/capabilities/view","1692121","other in-scope page","Capabilities","2388832","#12","Card","(untitled)","Capabilities_Catalogue","unset","No setting selected","true","smart","yes","yes (create)"
"/forms/hazards_of_concern/single_edit","1713782","other in-scope page","Hazards of Concern","2380095","#0","Card","(untitled)","Hazards_of_Concern","unset","No setting selected","true","smart","yes","no"
"/forms/hazards_of_concern/single_edit","1713782","other in-scope page","Hazards of Concern","2380097","#2","Card","(untitled)","Hazards_of_Concern","unset","No setting selected","true","smart","yes","yes (create)"
"/forms/participation/single_edit","1444306","other in-scope page","Participation","2380064","#0","Card","(untitled)","Participation","unset","No setting selected","true","smart","yes","no"
"/forms/participation/single_edit","1444306","other in-scope page","Participation","2380066","#2","Card","(untitled)","Participation","unset","No setting selected","true","smart","yes","yes (create)"
"/forms/participation/view","1714459","other in-scope page","Participation","2386544","#1","Card","(untitled)","Participation","unset","No setting selected","true","smart","yes","no"
"/forms/participation/view","1714459","other in-scope page","Participation","2386546","#3","Card","(untitled)","Participation","unset","No setting selected","true","smart","yes","yes (create)"
"/forms/roles/single_edit","1444252","other in-scope page","Roles","2380089","#0","Card","(untitled)","Roles","unset","No setting selected","true","smart","yes","no"
"/forms/roles/single_edit","1444252","other in-scope page","Roles","2380091","#2","Card","(untitled)","Roles","unset","No setting selected","true","smart","yes","yes (create)"
"/forms/roles/view","1715650","other in-scope page","Roles","2380086","#1","Card","(untitled)","Roles","unset","No setting selected","true","smart","yes","no"
"/forms/roles/view","1715650","other in-scope page","Roles","2380088","#3","Card","(untitled)","Roles","unset","No setting selected","true","smart","yes","yes (create)"
"/home","566463","other in-scope page","Home","2386400","#2","Card","(untitled)","DHSES_County_Database","force","Force (always re-fetch)","true","force","yes","no"
"/home","566463","other in-scope page","Home","2386409","#11","Card","(untitled)","Actions_Revised","force","Force (always re-fetch)","true","force","yes","no"
"/home","566463","other in-scope page","Home","2386410","#12","Card","(untitled)","Hazards_of_Concern","force","Force (always re-fetch)","true","force","yes","no"
"/home","566463","other in-scope page","Home","2386411","#13","Card","(untitled)","Capabilities_Catalogue","force","Force (always re-fetch)","true","force","yes","no"
"/home","566463","other in-scope page","Home","2386412","#14","Card","(untitled)","Participation","force","Force (always re-fetch)","true","force","yes","no"
"/home","566463","other in-scope page","Home","2386413","#15","Card","(untitled)","Roles","force","Force (always re-fetch)","true","force","yes","no"
"/home","566463","other in-scope page","Home","2386414","#16","Card","(untitled)","NYS_Dams","force","Force (always re-fetch)","true","force","yes","no"
