post_id,slug,title,category,published_at,author_name,author_dj_id,excerpt,body,image,featured,status
1,forty-eight-years-on-a-hairline,Forty-eight years on a hairline.,Dispatches,2026-03-03,Jada R.,,The station's licence renewal landed last week. A quiet milestone — and a reminder that everything WCDB sends out at 90.9 MHz still arrives via the same hair-thin signal it did in 1977.,"The station's licence renewal landed last week. A quiet milestone — and a reminder that everything WCDB sends out at 90.9 MHz still arrives via the same hair-thin signal it did in 1977.

We pulled the engineering logs going back to the original FCC filing. Forty-eight years of measurements, repairs, and midnight transmitter calls. Most of it still on paper.",,true,published
2,the-strange-afterlife-of-the-ampex-354,The strange afterlife of the Ampex 354.,Liner notes,2026-02-28,,,Our oldest tape machine spent two decades in a closet before a returning alum coaxed it back to life. The capstan motor still hums like it did in 1986.,Our oldest tape machine spent two decades in a closet before a returning alum coaxed it back to life. The capstan motor still hums like it did in 1986.,,false,published
3,an-interview-with-wren-vu,An interview with Wren Vu.,Interviews,2026-02-24,,,"Five seasons of Insomnia Hour, in conversation. Wren on late-night listenership, the appeal of programming for empty rooms, and what changed after the move to Studio B.","Five seasons of Insomnia Hour, in conversation. Wren on late-night listenership, the appeal of programming for empty rooms, and what changed after the move to Studio B.",,false,published
4,field-recordings-of-the-capital-region,Field recordings of the Capital Region.,Studio diary,2026-02-19,,,"A side project that turned into a season-long segment. Trains in Rensselaer, ice on the Mohawk, the dawn shift at the Stewart's on Western Ave.","A side project that turned into a season-long segment. Trains in Rensselaer, ice on the Mohawk, the dawn shift at the Stewart's on Western Ave.",,false,published
5,why-we-still-play-vinyl-in-2026,Why we still play vinyl in 2026.,Dispatches,2026-02-14,,,It's not nostalgia and it's not fidelity — it's the commitment. Cueing a 12-inch is a small public act of choosing this record over every other record.,It's not nostalgia and it's not fidelity — it's the commitment. Cueing a 12-inch is a small public act of choosing this record over every other record.,,false,published
6,what-the-spring-pledge-drive-paid-for,What the spring pledge drive paid for.,Studio diary,2026-02-07,,,"Two new cartridges, a long-overdue replacement of the backup transmitter, and — finally — proper acoustic panels in Studio A. Thanks, everyone.","Two new cartridges, a long-overdue replacement of the backup transmitter, and — finally — proper acoustic panels in Studio A. Thanks, everyone.",,false,published
7,ezra-v-on-the-hertha-wedemeyer-remixes,Ezra V. on the Hertha Wedemeyer remixes.,Interviews,2026-01-31,,,The Off-Year Pop host walks us through a year of trying to license a four-track of a 1981 demo — and the unlikely place the masters turned up.,The Off-Year Pop host walks us through a year of trying to license a four-track of a 1981 demo — and the unlikely place the masters turned up.,,false,published
