show_id,name,dj_id,department,icon,description,legacy_schedule_ids
1,Record Review,454,Rock,Pick,,3
2,In Tune With Nothing,452,,,"punk ,indie, hardcore and maybe even some ska if I feel like pretending I'm 15 again.",4
3,70's R&B,379,Hip-Hop/R&B,Microphone,Break out your old platforms and try to squeeze into your bellbottoms and let's go down the Soul Train line of every year of the 1970's: it's '70's R&B. (Also features The Hot 10 for songs that were hot on this day for every year from 1979 down through 1970 and a bonus The Hot 10 for songs that were hot on this day for every year from 1969 down through 1965),5
4,Rhythm & Praise Gospel-All Of Today's Top Gospel Hits,379,Specialty,Star,Hear the top gospel songs in the country today. It's the Rhythm and Praise Gospel express of today's top gospel hits played back-to-back.,6
5,Retro Radio,364,,,,7
6,Best of WCDB-Broadcasts from the Archives-Old School R&B & Hip-Hop,379,Specialty,Star,"Reminisce with broadcasts from the archives of old school R&B and Hip-Hop from the 80's, 70's, 90's, 00's.",8 174
7,Saturday Sports Spotlight,346,,,"The most fresh, witty, opinionated take on sports today. You won't find any show like it in the Capital District. It is the Longest Sports Talk program in the Capital Region. SATURDAY SPORTS SPOTLIGHT!!!",18
8,FILLER,435,Rock,Pick,it's the end of radio the last announcer plays the last record the last watt leaves the transmitter circles the globe in search of a listener...,19
9,White Lies,403,Rock,Pick,a multi-faceted rock show,21
10,The Wednesday Night Mix Up,406,Hip-Hop/R&B,Microphone,,24
11,The Healing Room,405,,,"The Healing Room is to inspire, and encourage all listeners through the Word of GOD, song, and through words of exhortation from the Healing Room's monthly newsletter.",25
12,The Other Side of Sir Walford,362,World,Globe,,36
13,The Love Connection...In French,660,Hip-Hop/R&B,Microphone,just tune in 90.9fm,41 172
14,Soft Horizons-Today's New Smooth R&B,379,Hip-Hop/R&B,Microphone,Hear the top new smooth R&B songs in the country today. Take it easy on a Saturday morning by staying on top of the today's biggest smooth R&B songs sprinkled with a few of yesterday's smooth R&B classics.,46
15,Caribbean Music Show,391,World,Globe,"Elevating the quality of WCDB with over 17 years of experience in radio and 14 years at this current slot doing Caribbean and World Beat music specializing in Root and Rock Reggae, Mike Irry is one to listen in for.",49
16,TGIF Jazz Party,385,Jazz,Note,It's the TGIF Jazz Party! Tune in!,50
17,The Saturday Morning Edition of Jazz,387,Jazz,Note,"The Capital District's best in jazz, since 1985. This award winning show (Best Jazz DJ - Metroland) is a great mix of classic and new mainstream jazz.",52
18,Brown Eyed Girl,421,,,Eclectic mix of ROCK!!!,57
19,Alternoize,456,Electronic,Sliders,"Industrial, noise, ebm, idm, gothic format show",66
20,The Many Moods of Sir Walford,362,World,Globe,"With over 27 years of experience bringing Reggae music to the people of Albany, Sir Walford and his many moods bring you Reggae along with Latin, Jazz, Gospel, R&B, Swing and Oldies. Give him a listen.",83
21,Guerilla Grooves,470,,,,86
22,Firefight,473,,,,87
23,Slow Education,469,,,"I was always running, but never fast enough.",88
24,Pure Musical Armageddon,480,Metal,Bolt,The Truest Metal Show in the Capital Region,95
25,Rush Hour Renegades,482,,,,96
26,The Capital District Dance Party,490,,,"Trance, Dance, Techno for your listening pleasure...",101
27,ReggaeMatik,499,,,"Straight tunes for 2 hours live, with little talking.",111
28,Maiden Voyage Jazz Show,485,Jazz,Note,"The main focus of the music is jazz but because jazz has influenced music the world over, I share these influences with my audiences.",115
29,Talk Show 91,503,,,,117
30,Hip Hop Anonymous,488,,,,118
31,The Lachrymal Effect,404,,,,136
32,Rush Hour Renegades,523,,,,138
33,Bud Heavy Radio,522,Rock,Pick,it's a party. get into it.,139
34,Formication,579,Rock,Pick,See the sounds.,246
35,The Contemporary Jazz Cafe-Today's Smooth Jazz & Classic R&B,379,Jazz,Note,Hear the top smooth jazz songs in the country today along with some classic R&B. Enjoy two hours of the best in today's smooth contemporary jazz and classic R&B.,141
36,The Zack B and Mike D Show,535,Rock,Pick,We're gonna rule your ear drums for 2 hours.,145
37,Wire Trip,518,Electronic,Sliders,I'm like a puppy with syphilis,146
38,The Monday Night Mix Up,467,,,,148
39,Get Money Radio,537,Hip-Hop/R&B,Microphone,Get Money Radio. It's all you need to know.,160
40,Radio Raw,538,,,,161
41,WCDB Sports Spotlight,483,Sports,Trophy,"The Spotlight brings our loyal listeners insight into various sports. We cover all major athletic contests, as well as Great Dane Sports!",168
42,Night Shift,438,Hip-Hop/R&B,Microphone,"The illest Hip Hop and R&B on the planet hosted by WCDB's best looking DJ. Sex, Drugs and Rap music all wrapped up in the Plicca Playboy Experience.",175
43,Sound Track to a Headrush,528,Rock,Pick,"i tend to politic on the mic and play awesome music you wont here on those ""other"" stations.",178
44,Movements Radio,495,World,Globe,"With DJ Mr. Customary - It's Roots and Rock Reggae, with the best in new dancehall tunez and unreleased talent both local and international. It's customized music for your listening pleasure!!!",179
45,WCDB Sports,547,Sports,Trophy,"The exclusive home for UAlbany Great Danes Women's Basketball, Women's Volleyball and Men's Lacrosse.",181
46,Talk Show 91,545,,,,182
47,Moonlight,660,Hip-Hop/R&B,Microphone,"Her show - ""Moonlight"" - features more of the best in Hip Hop and R&B. Tune in to find out more...",183
48,Revolution Radio,341,Hip-Hop/R&B,Microphone,,184
49,Hammer time with Seth,512,Rock,Pick,"Two hours of hammer dropping action. A whole lot of face-melting, brain-exploding, mind-numbing, eyeball-eating, folk, rock, and bluegrass.",186
50,!,517,Rock,Pick,"Indie, folk, electronic, experimental, ambient..",187
51,The Wake Up Call,548,,,,195
52,The Five O'Clock Shadow,548,News,Newspaper,,200
53,Return of the D-JEI with P-Money,515,Rock,Pick,"The weeks newest releases in Indie Rock, Electronica, Folk and the Rest.",208
54,Ah Make Ya Famous,497,Hip-Hop/R&B,Microphone,,212
55,Squabble FM,554,Rock,Pick,Catch this week's featured Squabble tape plus sets from the City Beer Hall to start your week off!,219
56,The Shaw Report Live!,555,,,"Everything you want to know about movies and TV with celebrity dish, capital district events, and a production report every Monday from 5:00-5:30PM",221
57,JRads Mixologically Incorrect Show,557,Rock,Pick,,222
58,Dude Fest,558,Rock,Pick,"An interwoven bread basket of hardcore, punk rock, indie rock, hip-hop and other shenanigans.",223
59,Nobel Prize Show,559,Hip-Hop/R&B,Microphone,This is StarHouse Entertianment radio good music and we play many local artist from the albany area.,224
60,Down with the sun,561,Metal,Bolt,doom/drone/Instrumental/death metal/punk,225
61,Alternative Rock Music,564,Rock,Pick,,228
62,Afternoon Delight,566,,,,230
63,The 518 Showcase,570,Rock,Pick,"The best local music that the area has to offer, including live sets, interviews and local news. Encompasses all genres. Submissions always welcome!",236
64,Graffitti Rock,577,Hip-Hop/R&B,Microphone,,244
65,The Segue,585,Electronic,Sliders,Relax and listen to me play some good music. You need this.,255
66,Sound Track to a Headrush,534,Rock,Pick,,256
67,Scrumptious Music,588,Rock,Pick,Listen to Andy and Noah make fun of each other while playing good songs.,258
68,Natural Vibz music hours,593,World,Globe,"The best in roots rock and culture music, foundation reggae muzik.",263
69,Wandering Ears,594,Rock,Pick,Jazz and World music to take you through the night.,266
70,¡Insomniac Rock!,595,Metal,Bolt,All things that ROCK! ...and the best in extreme music...,267
71,Malt Liquor and Veggie Burgers,588,Electronic,Sliders,An eclectic mix of everything that sounds good.,275
72,Perfect Touch Radio,573,Hip-Hop/R&B,Microphone,"From slow jams to club bangers, I'm taking you there and back in my world. Rock with me!",277
73,The Villainz' Supahero!!!!,497,Hip-Hop/R&B,Microphone,Every Villain needs a Supahero!!!,278
74,CraveRadio.com,390,Electronic,Sliders,"Club/Dance/House/Electro music. Artist you will hear: Tiesto, David Guetta, Kaskade, Spencer & Hill, Deadmau5, Klaas, Eric Prydz, and much more!!!",285
75,The Five O'Clock Shadow,549,News,Newspaper,,290
76,Burnin' the Midnight Oil with the Night Owl,605,Specialty,Star,playing the hottest hits ..motown and friends ...with the main man ..THE NIGHT OWL .,291
77,The Point of No Return,607,Metal,Bolt,LET'S RAGE!,295
78,Earth Died Screaming,608,Rock,Pick,"Don't you know there ain't no devil, that's just God when he's drunk.",296
79,JACKED: Liftin' Weights with ANTONY THE TANK!!,609,Rock,Pick,"Throw some metal objects around to a warm & fuzzy electric mayhem wall-of-sound explosion created by some bands you've never heard of. Bro-Core, Blue-Core, Burgle-Beatz & Garage Bands Galore!!",297
80,A case of the mondays,613,Rock,Pick,good tunes,300
81,In Tune with Nothing,614,Rock,Pick,"Hardcore, punk... If the songs I play are more than two minutes long then there's something wrong.",301
82,Wampum Bounce,627,Hip-Hop/R&B,Microphone,"Club bangers for parties in ur bedroom,car, or at the club.global indigenous jammys",302
83,Alternative Rock Music,619,Rock,Pick,Loves Pearl Jam and Maddox. His show may or may not reflect this.,304
84,(B-Sides) The Point,624,Rock,Pick,Be Side Tracked.,305
85,the D/L,625,Rock,Pick,Never overplayed Always underground. For todays real alternative rock music keep it on the D/L.,306
86,If you got an issue here's a tissue,628,Rock,Pick,Playing what you like or whatever makes me happy what ever happens first,307
87,Believe the Hype,589,Rock,Pick,"I got my uzi back, you dudes is whack, face it the (Lawdog)'s back!",308
88,WHAT'S REALLY GOOD with Dan A-Go-Go,630,Rock,Pick,"Keepin' it real with nothing but the finest tunes ever to surf upon your earwax. Plenty of brand new alternative rock mixed with old-school love from all over the place. You might dance, you might punch faces, you might be very confused.",311
89,Pillow Talk,618,Rock,Pick,"Sweet, but dirty when it should be.",315
90,Morning Beat Attack,632,Electronic,Sliders,"A new mix, eclectic style! A mix-up of anything and everything electronic from artists big and small.",316
91,"Bad Scene, Everyone's Fault",623,Rock,Pick,"The best in uncensored punk, hardcore, hip hop, indie and so much more. Word.",318
92,The Zero Hour,637,Metal,Bolt,"Heavy, Black, Death, Doom, Melodic, Progressive, and any other type of metal you can think of.",320
93,The Abyss,636,Metal,Bolt,"~When it's cold, and when it's dark...the freezing moon can obsess you~",321
94,The Zero Hour,638,Metal,Bolt,,322
95,Alternative Rock Music,524,Rock,Pick,,328
96,Alternative Rock Music,643,Rock,Pick,,329
97,Midnight Mayhem,640,Metal,Bolt,"The best of death metal, black metal, doom metal, prog metal, and whatever else I feel like playing.",330
98,Maximum Carnage!,645,Metal,Bolt,From Kvlt to Classic,331
99,Urban Music Music,647,Hip-Hop/R&B,Microphone,,332
100,The Lexicon,642,Electronic,Sliders,"2+ hours of live, mixed drum & bass exclusively on vinyl. From atmospheric euphoria to tech-step post-apocalyptic bangers, to deep jazz & soul, even a little(very little) wobble for good measure. Occasional Dubstep tunes. Kick up the bass and enjoy the ride.",333
101,The Secret Believer's Walkie-Talkie-Thon,649,Rock,Pick,"ge came frum ouder spase, throo the wall, but was it a alien??",334
102,the lost transmissions,650,Electronic,Sliders,shit dj,337
103,Sports Spotlight,652,Sports,Trophy,Sports Spotlight,338
104,GET OFF MY LAWN,653,Rock,Pick,,339
105,Spanish Rock Music,656,Specialty,Star,,340
106,Beat Street Jazz,654,Jazz,Note,"""...so beat""",341
107,Alternative Rock Music,655,Rock,Pick,,342
108,Get Behind the Mule,608,Rock,Pick,alternative radio / rock pop electronic,345
109,The U and Your Music Show,660,Hip-Hop/R&B,Microphone,"A friend of mine said to me once, ""oh you and your music!"" - as if that were a bad thing. I believe your music is yours. The music we listen to affects us and is important to each and every one of us in our own way. No one can take that away. Music can make you happy, sad, or excited enough to get your workout done. Music can also jog up an old memory of a time when something was going on in your life. The show here will attempt to reach listeners through requests and perhaps we will hear some interesting stories about music's affects on people's lives. 8^)",346
110,Motown & Friends,605,Specialty,Star,,347
111,Jiggy Wednesdays,501,Hip-Hop/R&B,Microphone,,348
112,The Dudes,554,Rock,Pick,http://www.wcdbfm.com/dudes,349
113,"Ryan Farrell and the Terrible, Horrible, No Good, Very Bad Show",661,Specialty,Star,There is no media bias,350
114,Alternative Rock Music,634,Rock,Pick,,351
115,Alternative Rock Music,625,Rock,Pick,,352
116,SKANKIN' AND TANKIN',667,Rock,Pick,"SKA! First Gen., Two-Tone, Third Wave, (sneakpeak of)4th Wave!",353
117,SPACE JAMZ,668,Rock,Pick,It's like Carl Sagan slam dunking your eardrums for 2 straight hours,354
118,The Fox's Den,669,Rock,Pick,No animals were harmed in the making of this show.,355
119,WOOOOOOO,670,Rock,Pick,I scream,356
120,R P M,671,Electronic,Sliders,R P M,357
121,Alternative Rock Music,672,Rock,Pick,,358
122,,674,Rock,Pick,,359 456
123,Waking up with HEAT,675,Rock,Pick,,360
124,Am I On Fire?,676,Specialty,Star,A euphoria you'll want to insufflate.,361
125,friday afternoon crap-o-rama,681,Rock,Pick,makin' ya ears bleed,362
126,Brendan,682,News,Newspaper,,363
127,WCDB Morning News,682,News,Newspaper,"Live coverage of the news that matters to you! Monday through Friday, 7-9am! Get into it!",364 365 366 367
128,Jam like Jelly,683,Rock,Pick,DJ'Addeo....bringing the freshest flavor to WCDB.,368
129,,684,World,Globe,,369
130,Friday Nite Live,685,Hip-Hop/R&B,Microphone,"Raw Exclusive Hip Hop. Cory Gunz to Little Brother. We cover it all. Brand New Music all the time. Hosted by Black Friday and DJ Mainevent. Oh Yeah, we don't bite our tongue. We let you know what it is and how it should be done.",370
131,Alternative Rock Music,686,Rock,Pick,,371
132,News Music,687,Specialty,Star,,372
133,The Pajama Party (formerly known as The Twilight Zone Alternative Rock Block),689,Rock,Pick,"Bringin' energy to the early A.M. on FM! Mostly alternative rock, with a dash of R.P.M... and whatever else the occasion may call for.",373
134,The Hip-Hocalypse,624,Hip-Hop/R&B,Microphone,Uncensored/Unadulterated/Underground Hip-hop/R&B/Gangster Rap/Hipster-Hop/etc....,374
135,Alternative to Sleeping with Ethan Ullman,690,Specialty,Star,"This is a show of nothing but uncensored stand-up comedy, comedian interviews, and everything else that falls under comedy! Check out alt2sleep.com for past interviews!",375
136,"Bad Scene, Everyone's Fault",693,Rock,Pick,,376
137,Urban Music,694,Hip-Hop/R&B,Microphone,,377
138,R.P.M. (Electronic Music) Music,696,Electronic,Sliders,,378
139,Fantastic Planet,684,Rock,Pick,Exploring the roots of Alternative music all the way up through today.,379
140,Hysteria For Your Stereo,698,Rock,Pick,,380
141,Hip-Hop Music,700,Hip-Hop/R&B,Microphone,,381
142,Hip-Hop/R&B Music,701,Hip-Hop/R&B,Microphone,,382
143,Diamonds & Bass,702,Electronic,Sliders,Luxurious crystals of the dankest bass nuggets.,383
144,Diamonds & Bass,703,Electronic,Sliders,,384
145,Alternative Rock Music,699,Rock,Pick,,385
146,Mosh in the Morning,689,Metal,Bolt,,386
147,My Tunes is I-Chunez,704,World,Globe,Playing the Finest Tunez!!,387
148,El Rodeo,705,Metal,Bolt,Its like getting punched in the head but more enjoyable and less painful,388
149,Elucidations,706,Electronic,Sliders,Elucidelicious,389
150,Sibelius and Friends,676,Specialty,Star,"WMHT doesn't give you classical music jocks with thick Jersey accents butchering names. If they do, let me know so I can send them my resume with this show as my only credential.",390
151,THE WRECKING YARD,654,Rock,Pick,,393
152,,370,Specialty,Star,,394
153,Coconut Trees Palm Trees,554,Hip-Hop/R&B,Microphone,,396
154,Hip-Hop/R&B Music,707,Hip-Hop/R&B,Microphone,,397
155,Happy Hour Friday,708,Hip-Hop/R&B,Microphone,"Serving up a double shot of happy hour every friday from 6pm-8pm, tune in to hear the best and your requests. Talking bout topics you want to hear and keeping you informed on whats going on the world of music and entertainment.",398
156,Early Warming on a Sunday Morning,708,World,Globe,I play the reggae oldies but goodies,399
157,The Free Freeform Show,692,Specialty,Star,,400
158,"""La Mega"" 90.9 FM",370,Specialty,Star,,401 427
159,,704,World,Globe,,402
160,,695,World,Globe,,403
161,New Era Radio..,713,Hip-Hop/R&B,Microphone,If your tired of hearing the same old stuff on da radio then this is the show for u! Every week different show and not the same music.. HOT NEW TRACKS!!!,404
162,,712,Hip-Hop/R&B,Microphone,,405
163,The 10AM Dance Party @ 9,689,Rock,Pick,"RPM beats in the early AM! Layin the dance music on heavy, with a dash of electronic and some alternative rock on the side.",406
164,,698,Rock,Pick,,407
165,HATE PARTY,711,Metal,Bolt,Hardcore/Metal/Sludge/Thrash/Power Violence/Punk/Grind ...its pretty serious,408
166,,552,Rock,Pick,,409
167,Funk It Jazz Show,714,Jazz,Note,"""Ill play it first and tell you what it is later.""",410
168,Dead Wrong,715,Hip-Hop/R&B,Microphone,hit you with some Ill flows that don't even make sense,412
169,Sports Spotlight,716,Sports,Trophy,,413
170,WCDB Weekend Sports Spotlight,719,Sports,Trophy,,416 417 418
171,Rockin' in the AM on the FM,718,Rock,Pick,The name is pretty self-explanatory!,419
172,HATE PARTY,720,Metal,Bolt,punk/hardcore,420
173,Afternoon Delight,721,Rock,Pick,Skyrockets in Flight... weeeeeeeeeeeeeeewwwwwwwwwwwwww,421
174,Saturday Night jam,722,Rock,Pick,"Rocking out to some of the best Alt/Indie/RPM/Local stuff, with some live performances by local bands.",422
175,B&S,723,Rock,Pick,A-MAC and I love the 90's. A lot. Too much? Maybe. They were the best of times.,423
176,K-Billy's Super Sounds of Satanic Music,724,Metal,Bolt,,424
177,Show Name,645,Specialty,Star,,425
178,Show Name,660,Specialty,Star,,426 465
179,the Zoo,624,Rock,Pick,Various Animals and like-mannered alternative entertainment,428
180,,608,Rock,Pick,,429
181,Hipsters' Paradise,725,Rock,Pick,"From Brooklyn to Los Angeles, Sweden to Canada, BUFFALO to Omaha...Welcome to Hipsters' Paradise",430
182,,397,Rock,Pick,,431
183,B3nson Radio,508,Rock,Pick,Local-Centric Indie Music.,432
184,,727,Hip-Hop/R&B,Microphone,,433
185,Show Name,625,Specialty,Star,,434
186,The Capital Coup - A Regional Rap Revolution,727,Hip-Hop/R&B,Microphone,Hosted by Lo-Fi Lobo,435
187,Vhangra Ghan,728,Rock,Pick,,436
188,Deep Children Radio,730,Electronic,Sliders,we play music that computers make and sometimes we don't,437
189,Deep Children radio,729,Electronic,Sliders,"original beats, hip hop, dubstep, club, uk funky, bassline, glitchy, dirty south, classic techno, acid house, electro, afrobeat, ???.",438
190,Iffy Sitch.,517,Rock,Pick,"Sweet rock, folk, electronic, ambient, and experimental tunes, and you're going to love each and every one of them.",439
191,Hipster Trash,623,Rock,Pick,,440
192,Sports Physical,717,Sports,Trophy,Step in the office for another appointment as the DR diagnoses the condition of UAlbany and professional sports and decides if further treatment is necessary,441
193,Sawdust and Diamonds,731,Electronic,Sliders,,442
194,Center of the Universe,732,Rock,Pick,sift through the static to find a simpler sound,443
195,wild gravity,733,Rock,Pick,pop songs your new boyfriend's too stupid to know about,444
196,Is Anybody Listening? The Late Night Rock Block,734,Rock,Pick,,445
197,Tony Hawk's Pro Tuesdays,735,Rock,Pick,,446
198,,729,Electronic,Sliders,,447 448 449
199,Show Name,624,Specialty,Star,,450
200,Show Name,730,Electronic,Sliders,,451 452
201,Under Speculation,689,Rock,Pick,,453
202,The Zwana Report,736,News,Newspaper,"Learn More. Do More. Be More. Not only can you tune in for an array of indepedent voices, you can submit your info for publication with us.",454
203,I've got a microchip in my brain,676,Electronic,Sliders,"Attention, I need to see the president.",455
204,Verbal Intercourse Radio,737,Hip-Hop/R&B,Microphone,,457
205,WCDB News Magazine,692,News,Newspaper,,458
206,Show Name,740,Electronic,Sliders,,459
207,The Feel good revolution,741,Rock,Pick,,460
208,Sound ExChange,742,Electronic,Sliders,,461
209,In The Morning And Amazing,743,Rock,Pick,,462
210,Island Soundz,708,World,Globe,,463
211,Wake Up With the Night Owl,605,Specialty,Star,,464
212,Degenerate Radio!,745,Hip-Hop/R&B,Microphone,"Best in Hip-Hop, R&B, Reggae, Soca Old School...and whatever you want.",466
213,Key 2Da City Radio,746,Hip-Hop/R&B,Microphone,,467
214,The Pumpkin Patch,747,Rock,Pick,Pumpkins all over the place,468
215,The Cat's Meow,748,Rock,Pick,,469
216,Notorious D.O.V.,749,Rock,Pick,,470
217,Show Name,750,Hip-Hop/R&B,Microphone,,471 473
218,Mattress Music,750,Hip-Hop/R&B,Microphone,,472
219,Morgan Freeman's Voice,744,Rock,Pick,smooth and satisfying music that soothes the soul and brings joy to the little boys and girls around the world,474
220,Show Name,514,Hip-Hop/R&B,Microphone,,475
221,Crisco Inferno,751,Electronic,Sliders,Awesome electronic music from all over the spectrum.,476
222,Bat Terrible!,753,Rock,Pick,,477
223,THE MORE YOU LISTEN THE WORSE IT GETS,754,Rock,Pick,"Celebrating over 50,000 years of human music!",478
224,The Motion of the Ocean,756,Rock,Pick,,479
225,Show Name,684,Sports,Trophy,,480
226,Hip Hop Lifestyle,758,Hip-Hop/R&B,Microphone,"Livin the life. ""It's the life we live, it's the price we pay, 400 a zip, imperial rose, Black diamonds and all of my whips timeless"" - Wiz Khalifa",481
227,Lost in Translation,755,World,Globe,"""For relaxing times, make it Suntory time.""",482
228,Sports Madness Hour,759,Sports,Trophy,"Fun sports talk with Adam Lowenthal, and Dan Shule",483
229,,760,Electronic,Sliders,,484
230,Full Court Press,761,Sports,Trophy,"Hold on tight, as Jay Sanin brings you 2 hours of relentless coverage on everything in the world of sports!",485 545 546 547 548 549
231,,762,Hip-Hop/R&B,Microphone,,486
232,Show Name,763,Rock,Pick,,487
233,Radio on the Radio,764,Rock,Pick,My name is Eric and I am on the radio.,488
234,Show Name,756,Specialty,Star,,489
235,Show Name,765,Specialty,Star,,490
236,The Social Workers,766,Specialty,Star,"The Social Workers is the first live radio talk show hosted by a professional MSW broadcaster Kathryn Zox, Your Social Worker with a Microphone® and UAlbany School of Social Welfare MSW students Candi Jenkins and Elliot Luscombe. Recent show topics include aging and sex, marriage equality, cyber bullying, organ donation and more. Listen live, Thurs 9-10am est, wcdbfm.com. Questions and comments welcome.",491
237,Radio Void,650,Electronic,Sliders,,492
238,I just want my kids back,767,Rock,Pick,,493
239,Show Name,768,Specialty,Star,,494
240,The Futopian Effect,769,Hip-Hop/R&B,Microphone,,495
241,Show Name,772,Rock,Pick,,496
242,WCDB Training Show!,751,Electronic,Sliders,WCDB's Training Show! Come learn how to be a DJ and keep sucker mc's off your back.,497
243,ALTbany,773,Rock,Pick,roommate radio,498
244,Become What You Are,732,Rock,Pick,sift through the static to find a simpler sound,499
245,Keep Albany Boring,777,Specialty,Star,,500
246,Keep Albany Boring radio,778,News,Newspaper,,501
247,I Woke Up in a Car,779,Rock,Pick,,502
248,WOLFPACK RADIO,746,Hip-Hop/R&B,Microphone,,503
249,,781,Rock,Pick,,504
250,Psychic Chasms in a Bottle,780,Rock,Pick,I play music to the masses in an imaginary bottle.,505
251,Novel Harmonies,782,Specialty,Star,"notes, meters, melodies, tonalities, atonalities, timbres, and harmonies.",506
252,CPJ Radio,785,Electronic,Sliders,"If it makes you dance, I'll play it.",507
253,Show Name,786,Electronic,Sliders,,508
254,Electronic Nightlife,787,Electronic,Sliders,DJ N-Stance & DJ Dave P bringing the capital district the hottest house and electronic dance music!,509
255,Electronic Nightlife,788,Electronic,Sliders,"Dropping the HOTTEST DANCE MUSIC in the Capital District every Saturday Night, 8-10p!",510
256,,784,Rock,Pick,,511
257,,776,Hip-Hop/R&B,Microphone,,512
258,Indie-scribable Music,790,Rock,Pick,A quick show on Thursday afternoons from noon until 1pm where I play my favorites and some newly released alt-rock,513
259,RadioWAVEY,789,Rock,Pick,,514
260,Funky Corners,791,Hip-Hop/R&B,Microphone,Return of the B-Boy Style.,515
261,Renegade Radio Music Show,792,Hip-Hop/R&B,Microphone,"Hip/Hop Classic Cuts, along with the latest on the rise. Social Commentary and Hilarious Segments.",516
262,Renegade Radio Music Show,793,Hip-Hop/R&B,Microphone,"Hip/Hop Classic Cuts, along with the latest on the rise. Social Commentary and Hilarious Segments.",517
263,Revolution Radio,775,Hip-Hop/R&B,Microphone,,518
264,The Joe Romano Show,794,Electronic,Sliders,Smooth sensual electronic music spilling over into spiraling mosaics of ecstasy...,519
265,Street Light Radio,797,Hip-Hop/R&B,Microphone,Bringing underground music from your local and favorite artist.,520
266,"The Good, The Bad & The Underground",796,Rock,Pick,"Fresh and Retro music. If it's good, ill play it.",521 552
267,Around the World,800,World,Globe,,522
268,You don't have to go to College,744,Specialty,Star,We talk about stuff. Stuff you're interested in.,523
269,,773,Rock,Pick,,524 613 705 759
270,You Don't Have to go to College,741,Specialty,Star,Talkin 'bout all the hot issues of the week. get involved,525
271,Show Name,795,News,Newspaper,,526
272,Show Name,770,Sports,Trophy,,527
273,Show Name,801,Sports,Trophy,,528
274,The Cosmic Slop,802,Hip-Hop/R&B,Microphone,"In the mid 1960's, Soul and Rock and Roll decided to get freaky and had a love child known to the public solely as ""Funk""...what followed was a general musical inclination to this new style of danceable music. Funk's influence extended to Disco in the 70s, which in turn was a predecessor to modern day House. In the 80s, Funk branched off into Electro funk, which then evolved into modern day Techno. DJs in the Bronx, NY began looping the breaks in Funk songs and improvised over the loop in spoken word, laying the groundwork for what was jokingly referred to as ""Hip Hop."" In this show, listeners will explore the origins, influence and legacy of one of music's most historically significant genres...",529
275,Above The RIm,803,Sports,Trophy,,530
276,Keep Albany Boring,807,Electronic,Sliders,,531
277,Show Name,805,Specialty,Star,,532
278,The Stew,799,Rock,Pick,,533
279,The Lowdown,795,News,Newspaper,,534
280,The Morningroove,806,Rock,Pick,That sweet funky stuff... and other sweet stuff,535
281,Automatic Stop,798,Rock,Pick,,536
282,Soul In Silico,804,Electronic,Sliders,The best in modern IDM and EDM from around the world.,537
283,,808,Sports,Trophy,"I am here to bring you, the fans, all the hard hitting football action you desire. Whether its NCAA or NFL,satisfaction always guaranteed!",538
284,,650,Specialty,Star,,539
285,Show Name,812,Specialty,Star,,540
286,The UndrGrnd Groove,810,Hip-Hop/R&B,Microphone,UndrGrnd Hip-Hop at its finest.,541
287,Weekend Sports Rundown,809,Sports,Trophy,Discussing news from all over the world of sports.,542
288,Show Name,808,Sports,Trophy,,543
289,The Hip Hop Show with DJ Nate,813,Hip-Hop/R&B,Microphone,,544
290,"Int. ""International"" Vybz",814,World,Globe,Bringing international/world music to the capital region and to the rest of the world following us online.,550
291,Show Name,771,Sports,Trophy,,551
292,The Hi Life,816,Electronic,Sliders,,553 571
293,Show Name,819,Hip-Hop/R&B,Microphone,,554
294,Show Name,820,Hip-Hop/R&B,Microphone,,555
295,If Looks Could Kill,822,Rock,Pick,,556
296,,823,Specialty,Star,,557
297,Show Name,825,Electronic,Sliders,,558
298,Bring Roses to a Gunfight,826,Hip-Hop/R&B,Microphone,,559
299,The Morning SuperNova,827,Rock,Pick,The best hangover cure on the market.,560
300,Show Name,828,Metal,Bolt,,561
301,Electro-Wonderland,829,Electronic,Sliders,A Great Variety of Electronic and Dance music on THE BEST STATION EVERRRR!!!,562
302,Show Name,830,Rock,Pick,,563
303,Switching Gears,831,Metal,Bolt,,564
304,Lost in the Woods Radio 2: Lost Harder,832,Rock,Pick,A random collection of indie and folk rock tunes that are sure to keep your toes tapping.,565
305,Condensed Matter Order of Magnitude More Power Show,833,Rock,Pick,,566
306,,834,Rock,Pick,BUNNY KIDNAPPED HERSELF,567
307,Weekend Dose of PMS,837,Sports,Trophy,,568
308,,835,Rock,Pick,,569
309,Grime Time Live,836,Specialty,Star,niezabawny ¯\_(^^)_/¯,570
310,WHITE TRASH PARTY,835,Rock,Pick,,572
311,Past Life Radio: The Golden Era / The Next Level,839,Hip-Hop/R&B,Microphone,Pure Hip Hop and R & B...,573
312,,841,Rock,Pick,,574
313,The House of Fun,782,Specialty,Star,"interested in becoming a DJ? well, get hands on training during this show. the world is your oyster.",575
314,The Weekly Current,842,News,Newspaper,"Two hours of non-commercial news, analysis, and opinion. The Capital Region's alternative source of news and discussion on the Capital Region's best alternative radio station.",576
315,Jazz South of the Border,843,Jazz,Note,,577
316,#emorevival,844,Rock,Pick,,578
317,ZonerMusec,846,Rock,Pick,"Who owns music? Not record labels, not us, not even the artists themselves. Music is energy that comes in different forms; whether it's an artist making it, or listeners taking it in. Our only job is to keep that energy flowing at all times so that someone in need can use that energy as their muse. By sharing constantly, you allow others to share your vibe, be on your level, share your Zone.",579
318,,845,Hip-Hop/R&B,Microphone,,580 609 610 611
319,My Weekly Shot,848,Rock,Pick,,581
320,Punk Rock Wake Up,849,Rock,Pick,,583
321,Radio 21: Broadcasting From the Future,850,Electronic,Sliders,"Radio Twenty-First Century; Broadcasts from the future, with your host MC ESCHER, bringing you the waves of the future. Sit back, relax, and let your mind Sync.",584
322,,852,Electronic,Sliders,,585 621
323,Kool Out Sundaze,854,Hip-Hop/R&B,Microphone,"Fusion of Hip Hop/Reggae/Soca all into one big glorius show bringing you all the best music has to offer, with enticing topics and fiery discussions.",586
324,Admit Nothing; Deny Everything.,855,Rock,Pick,,587
325,The Swing Era,851,Jazz,Note,,588
326,Wake up With Casey,856,News,Newspaper,,589
327,Oblivia,857,Rock,Pick,,590
328,The Kind of Show You Take Home To Mom Show,858,Rock,Pick,"This is the kind of show you take home to meet your parents, so tune in!",591
329,Is that right?,859,Rock,Pick,,592
330,Hangover Radio,860,Rock,Pick,,593
331,Metal Noon,861,Metal,Bolt,"Mondays suck, but they don't have to! Listen to my show for some of the best in modern metal, and re-live the classics of yesteryear! \m/",594
332,Can?,862,Specialty,Star,i now play music without profanity.,595
333,MUSIC,863,Rock,Pick,,596
334,AutoNATION,773,Rock,Pick,A different theme every week. It's late so I get experiment with music that may not fit into my normal 10pm slot.,597
335,Show Name,810,Hip-Hop/R&B,Microphone,,598
336,Lost in the Woods Radio 3: Lost Hard with a Vengence,832,Rock,Pick,ADK Tim's after hours automation show. Way more experimental and crazy stuff here.,599
337,Training Show,834,Rock,Pick,,600
338,Peanut Butter & Jamz,845,Hip-Hop/R&B,Microphone,,601
339,BOOM BAP RADIO,803,Hip-Hop/R&B,Microphone,Hip Hop Instrumentals and True School Boom Bap Tracks !!!-,602
340,Infinite Wingman with John and Sam,855,Rock,Pick,"We collide the alternative rock spectrum weekly, and showcase the notable. Served up hot with a side order of political propaganda and current trends. It's perfectly orchestrated madness. Are you ready?",603
341,The Perfect Mix with John Gentile,852,Specialty,Star,Your feel good vibe in an uncertain time.,604
342,Off Air For Transmitter Maintenance,710,Rock,Pick,Synth/electronic and new wave from all decades.,605
343,,867,Rock,Pick,"A whiplash of alt rock, electronic, ambient, hip-hop, turntablism, italo disco, not-so-classic rock, psychedelic, minimal, avant garde, meta-music, and whatever else...",606
344,90s Point Nine,754,Rock,Pick,,607
345,You really don't want to listen to this,865,Rock,Pick,,608
346,climb the ladder,847,Rock,Pick,,612
347,Safecamp Radio,868,Rock,Pick,the sounds of brown,614
348,The Weekly Compass,869,World,Globe,"Featuring over 100 artists from 31 different countries around the globe, The Weekly Compass is intended to expose its listeners to a wide range of different styles resembling different tastes from around the world.",615
349,THE WHITE NOISE,870,Rock,Pick,The blank canvas for thematic tunes.,616
350,say hay,871,Rock,Pick,,617
351,haris plays music,872,Rock,Pick,,618
352,The no show.,873,Rock,Pick,There aren't any bands out there with musical talent.,620
353,WCDB Weekend Sports Spotlight,875,Sports,Trophy,,622
354,,876,Hip-Hop/R&B,Microphone,,623
355,Midnight Marauders,877,Hip-Hop/R&B,Microphone,,624
356,Through the Wormhole with Rogue Leader,878,Rock,Pick,,625
357,Show Name,846,Specialty,Star,,626
358,Serotonin Smart Bomb,880,Rock,Pick,dog-shit rock and roll,627
359,Show Name,881,Sports,Trophy,,628
360,#Hyp3LifeRadio,899,Hip-Hop/R&B,Microphone,,649
361,Show Name,882,Rock,Pick,,629
362,Good Things,883,Rock,Pick,,630
363,Electric Capital,884,Electronic,Sliders,,631
364,DJ Milky's music hour for dumb babies,885,Rock,Pick,hahahahahahahaha listen to my music,632
365,lil bit of music,886,Rock,Pick,[lil bit],633
366,PUNK RAWK WITH COLE,887,Rock,Pick,,634
367,Metal in the Mornings,888,Metal,Bolt,"black coffee, black metal",635
368,(THE RE-HEAT) Waking up with HEAT,675,Rock,Pick,,636
369,Afternoon Delight,891,Rock,Pick,,637
370,Show Name,670,Specialty,Star,,638
371,Yutes Radio,892,Rock,Pick,,639
372,_Yutes Radio,893,Rock,Pick,,640
373,The Funky Chilled Out Get Down Show,890,Hip-Hop/R&B,Microphone,,641
374,Drop In and Drop Out,894,Rock,Pick,I hate the quarter of my show out of rotation.,642
375,Show Name,889,Hip-Hop/R&B,Microphone,,643
376,Music Without Borders,895,Specialty,Star,"Tune in for musical eclecticism; last Thursday of the month, it's Music Without Borders: All That's Jazz!",644
377,METAL WITH KEN,896,Metal,Bolt,,646
378,Banana Time With DJ Banana in Pajamas,897,Rock,Pick,Packed with Potassium and other vitamins to jump start your day.,647
379,Sweet Treats,898,Rock,Pick,"Yes, please have some.",648
380,#Hyp3LifeRadio After Hours,899,Hip-Hop/R&B,Microphone,,650 651
381,Soft Shock Radio,900,Rock,Pick,,652
382,MAADRASS RADIO,901,World,Globe,"REGGAE,DANCEHALL,SOCA,HIP HOP,NEW ORLEANS BOUNCE,PRETTY MUCH EVERYTHING REALLY, TUNE IN AND SEE FOR YOURSELF!",653
383,Bleeps and Some Bloops,902,Rock,Pick,I like the sound of glitching robots... and other stuff.,654
384,The Modern Age,903,Rock,Pick,,655
385,Infinite Loop Radio,904,Electronic,Sliders,The latest electronic for your Sunday morning.,656
386,We Do It In The Dark,906,Hip-Hop/R&B,Microphone,,657
387,Show Name,909,Electronic,Sliders,,658
388,The Farewell Tour,908,Rock,Pick,,659
389,Dream World,907,Hip-Hop/R&B,Microphone,"During my show I'll be playing songs from lesser known hip-hop artists. Occasionally, I will also play lesser known songs from mainstream hip-hop artists and other songs that deviate from the typical hip-hop structure.",660
390,that episode of scrubs where brendan fraser is diagnosed with leukemia,910,Rock,Pick,,661
391,in bad taste,911,Metal,Bolt,,662
392,The Voice Of UA,912,Hip-Hop/R&B,Microphone,For Booking: 347-463-3144 or SirTreyBenjamin@Gmail.com,663
393,The Ally G Show,913,Rock,Pick,,664
394,The Storm Cloud,914,Hip-Hop/R&B,Microphone,,665
395,Subtle Sounds,915,Rock,Pick,Come and enjoy the tunes... Nothing else needed its all provided by me!,666
396,The Show Name Pending Show,858,Rock,Pick,,667
397,,916,Rock,Pick,,668
398,Waking Up on Cloud City,917,Rock,Pick,"A mix of music and talk, featuring local, up and coming, and national artists.",669
399,Hostility Dose,918,Metal,Bolt,,670
400,In Memory of Zombie Greg,919,Rock,Pick,,671
401,2101 The Penthouse,920,Electronic,Sliders,,672
402,2101 The Penthouse,921,Electronic,Sliders,,673
403,2101 The Penthouse,922,Electronic,Sliders,,674
404,Show Name,923,Rock,Pick,,675
405,Show Name,924,Rock,Pick,,676
406,Show Name,925,Hip-Hop/R&B,Microphone,,677
407,,928,Sports,Trophy,,678
408,Audiodrome,931,Metal,Bolt,Quite a lot of subgenres.,680
409,,935,Rock,Pick,,681
410,,932,Hip-Hop/R&B,Microphone,,682
411,music or whatever,936,Rock,Pick,,683
412,The Jam,937,Rock,Pick,,684
413,Red Eye Radio,940,Rock,Pick,,685
414,,938,Specialty,Star,,686
415,Strange Quark Radio,930,Specialty,Star,,687
416,,934,Hip-Hop/R&B,Microphone,,688
417,Sunset Sounds,939,Rock,Pick,FCC Friendly Alternative! Playing what I think is good music :),689
418,,933,Hip-Hop/R&B,Microphone,,690
419,,945,Rock,Pick,,692
420,,957,Rock,Pick,,693
421,,956,Rock,Pick,,694
422,,955,Rock,Pick,,695
423,,946,Rock,Pick,,696
424,,944,Hip-Hop/R&B,Microphone,,697
425,Ctrl Alternative,953,Rock,Pick,,698
426,The Message,947,News,Newspaper,"Muscavage and Murphy bring you the latest coverage on your local, national and global news.",699
427,The Message w/ Muscavage & Murphy,948,News,Newspaper,"We have the most on the edge perspective when it comes to local, national, and global coverage and commentary.",700
428,some tunes to stare at the sun to,958,Rock,Pick,,701
429,,910,Specialty,Star,,706
430,,911,Specialty,Star,,707
431,Show Name,943,Specialty,Star,,709
432,couldn't think of something original,951,Hip-Hop/R&B,Microphone,,710
433,Training Show,880,Specialty,Star,,711
434,Show Name,937,Specialty,Star,,712
435,Show Name,950,Specialty,Star,,713
436,The Drip,959,Rock,Pick,,715
437,Show Name,960,News,Newspaper,,716
438,Show Name,961,Rock,Pick,,718
439,The Anti-Parent Culture Sound,962,Rock,Pick,,719
440,Rapsturbating,963,Hip-Hop/R&B,Microphone,,720
441,2 Hours of Waffles,965,Rock,Pick,"This show typically has acoustic, or hardcore music, definally a big mix bag of music.",721
442,Show Name,952,Specialty,Star,,722
443,Show Name,966,Specialty,Star,,723
444,Naptime,970,Rock,Pick,"A radio show hosted by DJ sleepyboy. Follow along @NapTimeWCDB. Listen live: 90.9fm/wcdbfm.com, every Tuesday 2-4pm est.",726
445,MR. Every Day presents Block Giants Raw & Uncut,839,Hip-Hop/R&B,Microphone,Block Giants Radio Raw & Uncut is a show dedicated to the Illest street MC's in Hip Hop old & New.,727
446,sick sad world,969,Rock,Pick,,728
447,Jaran,964,Rock,Pick,,729
448,Petals and Pop Punk,973,Rock,Pick,,730
449,The Training Show,961,Rock,Pick,,731
450,STAT Sports,975,Sports,Trophy,"Host Rob Lepelstat brings you passionate, unfiltered, and thought provoking sports talk every Friday morning 11am-12pm on the HOME of the Great Danes, WCDB Albany 90.9 FM and wcdbfm.com!",732
451,,953,Rock,Pick,,733
452,Show Name,978,Hip-Hop/R&B,Microphone,,734
453,Tea Time,979,Hip-Hop/R&B,Microphone,,735
454,Show Name,980,Hip-Hop/R&B,Microphone,,736
455,Awkward Tunage with Audra,984,Rock,Pick,Some strange things are happening.,737
456,The Antidote,982,Rock,Pick,,738
457,Sunshine and Waffles for Dinner,983,Rock,Pick,,739
458,,0,Hip-Hop/R&B,Microphone,,740
459,60's Lunch Hour,986,Rock,Pick,,741
460,Sunday Afternoon Seltzer Extravaganza,987,Rock,Pick,,742
461,Alex G's Show,988,Rock,Pick,,743
462,Show Name,988,Rock,Pick,,744
463,Show Name,989,Metal,Bolt,,745
464,Tea Time,981,Hip-Hop/R&B,Microphone,,746
465,The Pre Game Show,990,Hip-Hop/R&B,Microphone,Turning up for the new week!!!,747
466,Enter the Magical Mystery Chamber -with DJ Suh Dude,991,Specialty,Star,"A healthy mix of classics and new music, The Magical Mystery Chamber explores a wide variety of genre bending artists, with an emphasis on local artists. Each week there's a new theme that can be voted for on twitter every Tuesday @Liam_Mallon17",748
467,evening scramble,992,Rock,Pick,,749
468,Show Name,993,Rock,Pick,,750
469,The Midnight Mixer,994,Hip-Hop/R&B,Microphone,,751
470,IDK Sunday's,995,Hip-Hop/R&B,Microphone,#ItsMoreThanMusic,752
471,Show Name,976,Sports,Trophy,,753
472,Venus vs Mars,990,Hip-Hop/R&B,Microphone,,754
473,Show Name,981,Hip-Hop/R&B,Microphone,,755
474,Welcome to the Fridge Life,998,Electronic,Sliders,Tune in to hear live mixes of the most fire underground deep house tracks! You wont want to miss this!,756
475,,997,Rock,Pick,,757
476,Show Name,996,Hip-Hop/R&B,Microphone,,758
477,The Training Show,939,Rock,Pick,,760
478,Friday Evening Fizzy Water Phenomenon,987,Rock,Pick,,761
479,Synth City,999,Rock,Pick,,762
480,,1001,Rock,Pick,,763
481,,1000,Hip-Hop/R&B,Microphone,,764
482,Synth City,1002,Rock,Pick,,765
483,Radio Andy!,1003,Rock,Pick,,766
484,prop & welkin,1004,Electronic,Sliders,,767
485,Best Songs You've [N]ever Heard,1005,Rock,Pick,,768
486,DARK HOURS w/ DJ Kit Kat,1006,Specialty,Star,what the cool sad kids are listening too,769
487,The Moose Lounge,1007,Specialty,Star,Meeting with the brightest minds of a generation to tackle societal issues.,770
488,Jeanious Hour,1008,Hip-Hop/R&B,Microphone,Hip Hop W/ Everything Else in Between.,771
489,idk what genre this is either,1010,Rock,Pick,,772
490,Show Name,1009,Rock,Pick,,773
491,the roadhouse is proud to present...,1014,Rock,Pick,,774
492,Show Name,1013,Hip-Hop/R&B,Microphone,,775
493,Show Name,666,Specialty,Star,,776 808 809 810
494,Show Name,931,Specialty,Star,,777 778
495,Monday Morning Sports Update,1017,Specialty,Star,"If you love the bad parts of sports, this is the show for you.",779
496,Show Name,1016,Sports,Trophy,,780
497,Eccentricity,1012,Specialty,Star,,781
498,Show Name,1019,Specialty,Star,,782
499,Show Name,1011,Hip-Hop/R&B,Microphone,,783
500,La Bodega,1023,World,Globe,,784
501,not your mom's radio show,1024,Rock,Pick,,785
502,moderately moody mondays,1025,Rock,Pick,,786
503,Show Name,1027,Rock,Pick,,787
504,Why are you still awake?,1026,Rock,Pick,,788
505,The Red Sauce Special,1029,Rock,Pick,,789
506,Honey Time,1030,Rock,Pick,,790
507,Cosmic Background Radio,1031,Rock,Pick,,791
508,Hover Session,1032,Rock,Pick,,792
509,Audi-Opium,1028,Rock,Pick,"get your daily dose of dope tunes! ""audi-opium can i bust soliloquies? got the stuff mixed and mastered, both remedies. grab a spoonful, we stirrin up the pot, and you know i gotta serve it while its hot.""",793
510,Show Name,1033,Hip-Hop/R&B,Microphone,,794
511,200%,1035,Specialty,Star,"celebration of the nighttime. mix of techno, trap, house, hypnagogia, original compositions, outsider pop, ambient textures, and otherwise interesting music. hosted by artificial intelligence",795
512,the midnite collections,1037,Hip-Hop/R&B,Microphone,,796
513,vibe factory,1021,Electronic,Sliders,"smooth transitions, spinning vinyls, and tracks that you'll love both new & old",797
514,Adrift,1038,Specialty,Star,,798
515,Afternoons With Lola,1039,Rock,Pick,Just an upbeat fun time,799
516,Show Name,1037,Specialty,Star,,800
517,The (Usually) Chill Hours,1040,Jazz,Note,Come on in and listen to some jazz and more with DJ Josh!,801
518,Chill Out Session,1042,Rock,Pick,,802
519,Everywhere You Look,1034,Rock,Pick,Whatever happened to predictability?,803
520,,1044,Hip-Hop/R&B,Microphone,,804
521,Show Name,1046,Specialty,Star,,805
522,Show Name,1051,Specialty,Star,,806
523,DJ JD's Magical Metal Hour for TWO HOURS,1052,Metal,Bolt,my mom listens to this so its pretty cool ok,807
524,Show Name,1054,Rock,Pick,,811
525,DJ Crabmeat,1045,Rock,Pick,,812
526,Show Name,1043,Specialty,Star,,813
527,The Training Show,1010,Specialty,Star,,814
528,Show Name,944,Specialty,Star,,815
529,Jelly^^^Jams,1057,Specialty,Star,He comes in and plays the weirdest range of music since sliced bread. S.O.S He must be stopped.,816
530,The Witch Scene,1058,Rock,Pick,A special show with a different theme each week. Primarily focuses on noisy and underground genres of alternative rock.,817
531,,1055,Electronic,Sliders,,818 924
532,Rotation Talk Show!,1035,Specialty,Star,A show where DJs discuss new music releases and rotation albums.,819
533,The Wake Up Call,1061,Rock,Pick,,820
534,sunday night is the new friday night,1056,Rock,Pick,,821
535,DJ CHizZzik's Show,1063,Hip-Hop/R&B,Microphone,,822
536,Real Saad Boi Hours,1059,Hip-Hop/R&B,Microphone,,823
537,The Broken Record Show,1062,Rock,Pick,,824
538,Show Name,1065,Specialty,Star,,825
539,Radio Free Albany,1066,Specialty,Star,"Join your host, MC H-Ren and cohost, DJ Johnny Bravo in our show named Radio Free Albany. Each week form 12-2 AM, DJ JB is behind the set up and then it switches over to myself. Prepare to jam out.",826
540,Something Special,1067,World,Globe,,827
541,The Rush Hours,1068,Rock,Pick,"The happiest, least edgy, not remotely politically charged radio broadcast to accompany your Wednesday commute.",828
542,Disintegration,1069,Rock,Pick,Everything you'd want in an edgy college radio show along with uncomfortable pauses during event announcements.,829
543,Wacky Wednesday,1070,Rock,Pick,"I rotate each week between alternative rock & hip-hop. Holding true to what Forest, Gump once said ""My momma always said, ""Life was like a box of chocolates. You never know what you're gonna get.""",830
544,Show Name,1071,Hip-Hop/R&B,Microphone,,831
545,Show Name,1057,Specialty,Star,,832
546,Women in music,991,Specialty,Star,,833
547,The Chiller's Shack,1073,Rock,Pick,,834
548,Hypnagogia,1072,Specialty,Star,"""The hypnagogic state is that heady lull between wakefulness and sleep when thoughts and images flutter, melt, and transform into wild things."" - Cate McQuaid, Boston Globe",835
549,MK Ultra,1074,Specialty,Star,"i'm not really sure what ""music"" is",836
550,Show Name,1076,Rock,Pick,,837
551,Show Name,1077,Rock,Pick,,838
552,Show Name,1078,Rock,Pick,,839
553,I'm Not at the Beach This is a Bathtub,1084,Specialty,Star,There's no shark in the bathtub,840
554,Show Name,1088,Specialty,Star,,841
555,Show Name,1093,Rock,Pick,,842
556,Show Name,1085,Rock,Pick,,843
557,Show Name,1087,Rock,Pick,,844
558,Coast to Coast,1092,Rock,Pick,"A chill mix of Indie, Shoegaze,",845
559,Show Name,1095,World,Globe,,846
560,"Beats, Rhymes, Life",1082,Hip-Hop/R&B,Microphone,,847
561,Vanessa's Show,1090,Rock,Pick,,848
562,Show Name,1094,Sports,Trophy,,849
563,Show Name,1097,Rock,Pick,,850
564,The Bats Come Out at Night,1105,Electronic,Sliders,INDUSTRIAL AND HARD DANCE EVERY OTHER WEEK,851
565,Surfin and chillin,1101,Rock,Pick,Surf rock chillin,852
566,Murph and Rhoto talk about stuff,1102,Rock,Pick,,853
567,The Spice Rack,1100,Rock,Pick,,854
568,Hoodie Mellow SZN,1107,Hip-Hop/R&B,Microphone,,855
569,DJ Shmit's Magical Music Tool Box,1106,Specialty,Star,,856
570,Electronic,1108,Electronic,Sliders,,857
571,EDM Time,1083,Electronic,Sliders,,858
572,Pied Piper,1109,Rock,Pick,,859
573,Show Name,1091,Specialty,Star,,860
574,Crackhead Hours,1110,Hip-Hop/R&B,Microphone,Here to send nonstop heat through your airwaves,861
575,Show Name,1111,Rock,Pick,,862
576,Everything But the Little Fishies,1112,Rock,Pick,,863
577,tune in or DIE,1113,Specialty,Star,You're very relaxed... you notice a beguiling fragrance... and hear a canorous melody...,864
578,,1098,Hip-Hop/R&B,Microphone,,865
579,Good Morning!,1115,Rock,Pick,,866
580,Rotation Show,1096,Specialty,Star,DJs talk about new releases and suggest new rotation.,867
581,Show Name,1114,Specialty,Star,,868
582,Tuesday Takeover,1116,Hip-Hop/R&B,Microphone,,869
583,the vibez r immaculate,1117,Rock,Pick,you like synths and/or jangly guitars....boy i got the show 4 u!!,870
584,Show Name,1118,Hip-Hop/R&B,Microphone,,871
585,Encore of The Saturday Morning Edition of Jazz,387,Jazz,Note,,872
586,My Little Segment,1124,Rock,Pick,"It's Friday Night Man, You Made It!",873
587,The Voices of Hip-Hop,1125,Hip-Hop/R&B,Microphone,,874
588,Max's Kansas City,1126,Rock,Pick,,875
589,The Compensation,1128,Rock,Pick,,876
590,The Moshpit,1130,Metal,Bolt,The latest in heavy metal music and news - every Thursday 12pm - 2pm,877
591,DJ Courtney Griffin's show,1129,Hip-Hop/R&B,Microphone,,878
592,Show Name,1132,Specialty,Star,,879
593,Slam City,1134,Electronic,Sliders,Electronic freak music for the discerning cyber pimp,880
594,DJ Jay Jay's show,1142,Rock,Pick,,881
595,Saloon Show,1150,Specialty,Star,,882
596,The Menagerie,1149,Specialty,Star,"Some jazz, some indie, some crazy.",883
597,KrizmKrazy,1144,Hip-Hop/R&B,Microphone,,884
598,THE ALIEN ABDUCTION,1137,Electronic,Sliders,,885
599,The Time Strike,1136,Specialty,Star,,886
600,Horas De AMOR,1156,Rock,Pick,,887
601,Live From the Basement,1151,Hip-Hop/R&B,Microphone,,888
602,Show Name,1159,Rock,Pick,,889
603,B1END with DJ Katastrophy!,1161,Specialty,Star,I'm bringing you the hottest stuff that's been on my rotation that I just have to share with you amazing people.,890
604,Rollercoaster of feelings...,1162,Specialty,Star,just a ride of up or down or however I'm feeling at the moment. playing things that spark something in my soul.,891
605,Waves Mistaken for Signals,1163,Rock,Pick,FINAL SHOW ON 5/6/26!!!,892
606,Midnight Club Session,1151,Electronic,Sliders,"Hip-Hop DJ, Kastro bringing you the 1s and 2s as a house DJ.",893
607,the pop hour,1141,Electronic,Sliders,,894
608,War Machine Live,1168,Electronic,Sliders,Serving the Capital Region with the best in experimental electronic music!,895
609,The Moon Landing,1167,Rock,Pick,Uhh Houston...,896
610,2 Schooled 4 Cool,1166,Hip-Hop/R&B,Microphone,,897
611,Show Name,1158,Specialty,Star,,898
612,Show Name,1155,Specialty,Star,,899
613,News at 1800 with Christian Hince & Shawn Ness,1154,News,Newspaper,,900
614,Happy Hour,1164,Specialty,Star,themed shows curated by yours truly!!,901
615,Show Name,1169,Hip-Hop/R&B,Microphone,,902
616,The Kvoxcast,1171,Rock,Pick,"Blow off some mid-weekend steam with DJ K-Vox's curated playlist of local and international punk, hardcore, metal, and assorted other cool music if he decides it fits!",903
617,Show Name,1166,Hip-Hop/R&B,Microphone,,904
618,The Jim M Radio Show,1172,Sports,Trophy,"My show is mostly about sports on a national level. I'll also talk about local sports as needed. In addition, I will cover local and national current events, pop culture, music. Sometimes the show is about myself and what I'm dealing with. At the end of the hour, I'll play a song or two.",905
619,The Radioshow Beyond Time and Space or RoBoTS,1173,Specialty,Star,,906
620,Show Name,1165,Specialty,Star,,907
621,The Hazy Hour,1152,Rock,Pick,pop punk/indie pop,908
622,phillikesfights Radio Hour,1170,Sports,Trophy,"Every Tuesday I break down the latest in MMA, Boxing, and Combat Sports.",909
623,DJ LeeJay's Birdhouse,1174,Jazz,Note,An hour of cool music that I kinda like,910
624,,1175,Electronic,Sliders,,911
625,Show Name,1177,Metal,Bolt,,912
626,Training Show,1179,Specialty,Star,"Every Thursday from 6pm to 8pm, WCDB hosts a training show for DJ trainees.",913
627,Necropolis,1178,Metal,Bolt,"The altar for all things extreme. Featuring the best in both extreme and old school metal, as well as occasional screamo and hardcore.",914
628,Show Name,1141,Specialty,Star,,915
629,Show Name,1183,Hip-Hop/R&B,Microphone,,916
630,Show Name,1182,World,Globe,,917
631,Show Name,1185,Rock,Pick,,918
632,Happy Hour,1181,Rock,Pick,,919
633,Family Dinner,1184,Rock,Pick,,920
634,Kat's Korner,1186,Metal,Bolt,How do you like me meow?,921
635,The Backwoods,1187,Rock,Pick,"Emo, Post Rock, Math Rock, and more. Tune in every Wednesday from 4-6pm for the capital districts home for Emo Music!",922
636,Show Name,1188,Electronic,Sliders,,923
637,Terra Costa with Fern,1180,World,Globe,,925
638,The Late night drive,1189,Hip-Hop/R&B,Microphone,,926
639,In-Studio Slot,1163,Specialty,Star,Live from WCDB!,927
640,The Dumpster Dive,1192,Metal,Bolt,One man's trash is another man's treasure- Join this opossum on a dive into his favorite garbage music.,928
641,The Animal Sanctuary,1192,Specialty,Star,WCDB's animal-themed DJs come together to chat about pretty much anything and everything!,929
642,Aerodynamics 101,1194,Rock,Pick,study up,930
643,smoke signals,1193,Rock,Pick,this is smoke signals,931
644,Variety Hour!,1195,Specialty,Star,"Something new every week, check in to hear some brand new sounds!",932
645,Whiplash ON HOLD,1178,Specialty,Star,"Music I wouldn't play on a metal/hxc show. Probably either weird experimental music, or depressing indie rock. Non-metal for metal fans.",933
646,The Pharmacy,1198,Hip-Hop/R&B,Microphone,,934
647,The Alleyway,1202,Rock,Pick,,935
648,Show Name,1207,Specialty,Star,,936
649,SOME SAVVY FILES,1197,Specialty,Star,My vibes and feelings for the week <33,937
650,,1199,Rock,Pick,,938
651,The Wired,1206,Electronic,Sliders,"Underground electronic music and experimental vibes. Lots of house, drum & bass, techno, and glitch.",939
652,shades of bloo,1208,Hip-Hop/R&B,Microphone,exploring the joy of music,940
653,Late Night Matinee,1210,Metal,Bolt,"DJ Dirty-Water Hotdog plays loud music with distortion and curse words, with a focus on local loud music with distortion and curse words.",941
654,The Observable Universe,1212,Metal,Bolt,The voices told me too.,942
655,Rap and Rapture,1213,Hip-Hop/R&B,Microphone,,943
656,The Jim M Radio Show (Replay from Monday),1172,Sports,Trophy,"My show is mostly about sports on a national level. I'll also talk about local sports as needed. In addition, I will cover local and national current events, pop culture, music. Sometimes the show is about myself and what I'm dealing with. At the end of the hour, I'll play a song or two.",944
657,Don's Rock Rewind,1209,Rock,Pick,,945
658,Underground Paradise,1214,Electronic,Sliders,Welcome to the Club! Put the volume up on your speakers/headsets. It's about to get crazy with head bangin',946
659,The Living Room,1215,Rock,Pick,certified bangers from start to finish,947
660,The Terrarium,1216,Rock,Pick,music to stare out the window to,948
661,The Raemix,1217,Rock,Pick,Whatever I want to play :3,949
662,Astral Projection Test #42,1218,Specialty,Star,,950
663,HTC's Rhythm Report,1219,Hip-Hop/R&B,Microphone,All types of Rap/Hip-Hop/R&B in my Rhythm Report,951
664,The Hour Glass,1221,Hip-Hop/R&B,Microphone,,952
665,,1222,Hip-Hop/R&B,Microphone,,953
666,The Lizard Pit,1223,Metal,Bolt,,954
667,Spunk and Gunk at the movies,1194,Specialty,Star,SPUNKING AND GUNKING (at the cinema) (with DJ Aero and DJ Kenski),955
668,Silent Hill,1224,Metal,Bolt,"In my restless dreams, I see that town... Silent Hill",956
669,untitled,1225,Rock,Pick,,957
670,DJ Dilly's Super Silly Song Emporium,1226,Rock,Pick,"Mostly Indie Rock or Pop, I can't tell the difference. Hopefully, you'll hear someone new, but if not I'm sure you like them anyway :)",958
671,batcave,1228,Rock,Pick,"gothic rock, post-punk, and dark wave",959
672,at the drive in,1227,Metal,Bolt,major tunage,960
673,untitled,1229,Rock,Pick,,961
674,the sunspot,1231,Hip-Hop/R&B,Microphone,,962
675,Space Channel 5,1230,Electronic,Sliders,"My own mix of IDM, DNB, and ambient, an attempt to hit a similar pocket to Aphex Twin's usual sounds, something I'm personally a big fan of.",963
676,Curated by HTC,1219,Specialty,Star,Curated playlists made specifically for a very special guest every week by Dj HTC,964
677,The Cut Up,1232,Rock,Pick,Themed shows based on whatever I feel like that week!,965
678,The Social Workers,930,Specialty,Star,,966
679,Creature Features,1233,Metal,Bolt,My collection and horde presented for the masses,967
680,The Rubber Room,1234,Jazz,Note,Playing Jazz from around the world with the occasional alt rock,968
681,"Hello, World!",1235,Electronic,Sliders,you don't wanna know...,969
682,Show Name,1236,Specialty,Star,,970
683,In Studios,1237,Specialty,Star,Slot time reserved for bands or performers to do sets in studio or broadcast interviews.,971
684,The Third Impact,1224,Specialty,Star,Music so good it makes you want to end the world and merge humanity into one consciousness,972
685,The Pity Party,1238,Rock,Pick,I play good music,973
686,Lunchbreak Lounge,1239,Electronic,Sliders,,974
687,Voices of the Campfire,1241,Metal,Bolt,"Off the side of the screams of the trials and terror of the void, a small campfire sits. Other people like you are here, scared and confused but no longer alone. Come, sit awhile, and hear their stories.",975
688,2 Minutes to Midnight,1240,Metal,Bolt,"Thrash metal, Death metal, punk rock!!!!",976
689,synesthesia,1242,Electronic,Sliders,,977
690,Afternoon Chill,1243,Rock,Pick,"Modern psychedelic rock and psyche pop, garage, post punk and indietronica.",978
691,The Open Chart,1245,Jazz,Note,Because jazz was never meant to stay on the page.,979
692,The Tullegram,1247,Specialty,Star,,980 992
693,Show Name,1244,Specialty,Star,,981
694,Show Name,1250,Specialty,Star,,982
695,lani's house,1251,Electronic,Sliders,,983
696,The Boogie Down,1249,Specialty,Star,It's always springtime when you boogie with the China Cat,984
697,Revolution 909,1252,Rock,Pick,Various tunes and jingles with DJ Kenski,985
698,Go Phish (is this corny?),1254,Specialty,Star,,986
699,Gold Soundz,1253,Rock,Pick,All the best left of the dial for the last 50 years,987
700,Show Name,1255,Specialty,Star,,988
701,The Still Life,1256,Rock,Pick,Chill vibes like a still-life painting,989
702,OTOTAKU,1257,World,Globe,"Music from all across Japan, with a new theme every week!",990
703,Hymns from the Void,1241,Metal,Bolt,"Darkness. Devoid. Empty. Souls cast away, drained of all the made them whole, to a infinate blackness, never to return. Bear witness to the wretched horde of unholy souls. Hear their cries.",991
704,DEWELT'S HOUR,1160,Rock,Pick,,993
705,The Sabbath,1260,Rock,Pick,,994
